{
    "title": "汉字判断",
    "desc": "### 题目描述\n输入一个字符串，判断输入字符串是否是汉字\n\n\n### 输入描述\n输入一个字符串\n\n\n### 输出描述\n是汉字返回True，不是汉字返回False\n\n\n### 测试样例\n\n#### 样例1: 输入-输出\n\n```\n中\n```\n\n```\nTrue\n```\n\n#### 样例2: 输入-输出\n\n```\na\n```\n\n```\nFalse\n```\n\n\n",
    "templateCode": "",
    "sourceCode": "def is_chinese(uchar):\n    if uchar >= u'\\u4e00' and uchar<=u'\\u9fa5':\n        return True\n    else:\n        return False\ns=input()\nprint(is_chinese(s))",
    "lang": "Python3",
    "testCases": [
        {
            "input": "中\n",
            "output": "True\n"
        },
        {
            "input": "a\n",
            "output": "False\n"
        },
        {
            "input": "你\n",
            "output": "True\n"
        }
    ]
}