{
    "title": "求绝对值",
    "desc": "### 题目描述\n使用Math库中的函数，求输入数据n的绝对值\n\n\n### 输入描述\n输入一个数n\n\n\n### 输出描述\n输出n的绝对值\n\n\n### 测试样例\n\n#### 样例1: 输入-输出\n\n```\n-10\n```\n\n```\n10.0\n```\n\n",
    "templateCode": "import math\n",
    "sourceCode": "import math\nn=float(input())\nprint(math.fabs(n))\n",
    "lang": "Python3",
    "testCases": [
        {
            "input": "-10\n",
            "output": "10.0\n"
        },
        {
            "input": "-1.5\n",
            "output": "1.5\n"
        }
    ]
}