{
    "title": "最大公约数",
    "desc": "### 题目描述\n\n给你两个正整数a和b， 输出它们的最大公约数。\n\n### 输入描述\n\n输入为一行，两个正整数 a 和 b\n\n### 输出描述\n\n输出 a 和 b 的最大公约数\n\n### 测试样例\n\n#### 样例1: 输入-输出\n\n```\n4 6\n```\n\n```\n2\n```\n\n",
    "templateCode": "",
    "sourceCode": "import math\na, b = map(int, input().split())\nprint(math.gcd(a, b))",
    "lang": "Python3",
    "testCases": [
        {
            "input": "4 6",
            "output": "2\n"
        },
        {
            "input": "123 4961",
            "output": "41\n"
        },
        {
            "input": "214134 13214",
            "output": "2\n"
        },
        {
            "input": "324325 30850",
            "output": "25\n"
        }
    ]
}