{
    "title": "正则表达式的sub函数",
    "desc": "### 题目描述\n对于给定的字符串，使用re模块中的sub函数对含有注释和间隔符号的字符串进行处理，得到标准的电话号码\n\n\n### 输入描述\n第一行测试用例的个数\n第二行开始为含有注释的字符串\n\n### 输出描述\n为标准格式的电话号码\n\n### 测试样例\n\n#### 样例1: 输入-输出\n\n```\n1\n某人的电话号码是130-2944-9921\n```\n\n```\n13029449921\n```\n\n     某人的电话号码是130-2944-9921\n输出：13029449921\n",
    "templateCode": "",
    "sourceCode": "import re\nnum = int(input())\nfor i in range(num):\n    str1 = input()\n\n    number = re.sub(r'\\D',\"\",str1)\n    print(number)",
    "lang": "Python3",
    "testCases": [
        {
            "input": "1\n某人的电话号码是130-2944-9921\n",
            "output": "13029449921\n"
        },
        {
            "input": "1\n15478shduhsud9642sdo33 #iadhi\n",
            "output": "15478964233\n"
        },
        {
            "input": "2\n154789嗯嗯嗯嗯64233\n好像是个电话号码\n",
            "output": "15478964233\n\n"
        }
    ],
    "simple_desc": "0",
    "difficulty": "简单题目描述",
    "tag": "知识点",
    "author": "匿名"
}