{
    "title": "函数不定长参数2",
    "desc": "### 题目描述\n完善test函数，使得函数具有如下功能：查看某位同学所有科目成绩中的最高分。\n\n\n### 输入描述\n无\n\n\n### 输出描述\n输出test函数返回的字典\n\n\n### 测试样例\n\n#### 样例1: 输入-输出\n\n```\nNone\n```\n\n```\n{'name': 'Alice', 'score': 90}\n{'name': 'Mike', 'score': 95}\n```\n\n",
    "templateCode": "def test(**arg1):\n\tpass\n\treturn arg1\nprint(test(name='Alice',score=[90]))\nprint(test(name='Mike',score=[85,75,90,95]))\n    ",
    "sourceCode": "def test(**arg1):\n\tfor key,value in arg1.items():\n\t\tif key=='score':\n\t\t\targ1[key]=max(value)\n\treturn arg1\n\nprint(test(name='Alice',score=[90]))\nprint(test(name='Mike',score=[85,75,90,95]))",
    "lang": "Python3",
    "testCases": [
        {
            "input": "None\n",
            "output": "{'name': 'Alice', 'score': 90}\n{'name': 'Mike', 'score': 95}\n"
        }
    ]
}