{
    "title": "度转弧度",
    "desc": "### 题目描述\n使用Math库中的函数，根据输入的度数n，求相应的弧度\n\n\n### 输入描述\n输入度数n\n\n\n### 输出描述\n输出相应的弧度\n\n\n### 测试样例\n\n#### 样例1: 输入-输出\n\n```\n180\n```\n\n```\n3.141592653589793\n```\n\n",
    "templateCode": "import math\n",
    "sourceCode": "import math\nn=float(input())\nprint(math.radians(n))\n",
    "lang": "Python3",
    "testCases": [
        {
            "input": "180\n",
            "output": "3.141592653589793\n"
        },
        {
            "input": "90\n",
            "output": "1.5707963267948966\n"
        },
        {
            "input": "360\n",
            "output": "6.283185307179586\n"
        }
    ]
}