{
    "title": "统计数字次数",
    "desc": "### 题目描述\n\n给定一个数字字符串，请你统计每个数字出现的次数。\n\n### 输入格式\n\n输入为一个数字字符串，只包含 0-9 这 10 个数字\n\n### 输出格式\n\n分别输出为 0-9 每一个数字出现的次数，两两间用一个空格隔开。\n\n### 测试样例\n\n#### 样例1: 输入-输出\n\n```\n12345678\n```\n\n```\n0 1 1 1 1 1 1 1 1 0\n```\n\n",
    "templateCode": "",
    "sourceCode": "from collections import Counter\n\na = input()\ncnt = Counter(a)\nans = [cnt[str(i)] for i in range(10)]\n\nprint(*ans)",
    "lang": "Python3",
    "testCases": [
        {
            "input": "12345678",
            "output": "0 1 1 1 1 1 1 1 1 0\n"
        },
        {
            "input": "11223344",
            "output": "0 2 2 2 2 0 0 0 0 0\n"
        },
        {
            "input": "32146478264968",
            "output": "0 1 2 1 3 0 3 1 2 1\n"
        },
        {
            "input": "170147835073298",
            "output": "2 2 1 2 1 1 0 3 2 1\n"
        },
        {
            "input": "249873208528593240589248324725628394892185728394720938402195489052340965398674028947",
            "output": "7 2 14 8 11 8 3 6 13 12\n"
        }
    ]
}