{
    "title": "正则表达式中sub函数的使用2",
    "desc": "### 题目描述\n于给定的字符串，将字符串中的数字乘以2返回\n\n### 输入描述\n第一行测试用例的个数\n第二行开始为要处理的字符串\n\n### 输出描述\n字符中数字乘以2的结果\n\n### 测试样例\n\n#### 样例1: 输入-输出\n\n```\n1\nA23G4HFD567\n```\n\n```\nA46G8HFD1134\n```\n\n\n",
    "templateCode": "",
    "sourceCode": "import re\ndef double(matched):\n    value = int(matched.group('value'))\n    return str(value * 2)\nnum = int(input())\nfor i in range(num):\n    str1 = input()\n    print(re.sub('(?P<value>\\d+)', double, str1))",
    "lang": "Python3",
    "testCases": [
        {
            "input": "1\nA23G4HFD567\n",
            "output": "A46G8HFD1134\n"
        },
        {
            "input": "1\na1234567dhiahdudha12\n",
            "output": "a2469134dhiahdudha24\n"
        },
        {
            "input": "2\nagdshadgjh\nemmmm156795sdab4568",
            "output": "agdshadgjh\nemmmm313590sdab9136\n"
        }
    ]
}