{
    "title": "倒序输出",
    "desc": "### 题目描述\n\n请你使用三种不同的方式倒序输出一个列表。\n\n### 输入描述\n\n输入为一组整数，两两间用空格隔开。\n\n### 输出描述\n\n你需要使用三种不同的方式倒序输出该组整数，两两间用空格隔开。\n\n### 测试样例\n\n#### 样例1: 输入-输出\n\n```\n1 2 3\n```\n\n```\n3 2 1\n3 2 1\n3 2 1\n```\n\n",
    "templateCode": "l = list(map(int, input().split()))\n\nprint('''TODO''')\nprint('''TODO''')\n# TODO\nprint(*l)",
    "sourceCode": "#reverse\ns = list(map(int, input().split()))\n\nprint(*reversed(s))\nprint(*s[::-1])\ns.reverse()\nprint(*s)",
    "lang": "Python3",
    "testCases": [
        {
            "input": "1 2 3\n",
            "output": "3 2 1\n3 2 1\n3 2 1\n"
        },
        {
            "input": "1 2 3 4 5\n",
            "output": "5 4 3 2 1\n5 4 3 2 1\n5 4 3 2 1\n"
        }
    ],
    "simple_desc": "0",
    "difficulty": "简单题目描述",
    "tag": "知识点",
    "author": "匿名"
}