{
    "title": "转义字符的使用",
    "desc": "### 题目描述\n将输入的字符串，用\\将每个单词隔开\n\n\n### 输入描述\n输入一个字符串\n\n\n### 输出描述\n打印由\\隔开的字符串\n\n\n### 测试样例\n\n#### 样例1: 输入-输出\n\n```\nabcdefg\n```\n\n```\na\\b\\c\\d\\e\\f\\g\n```\n\n#### 样例2: 输入-输出\n\n```\npython\n```\n\n```\np\\y\\t\\h\\o\\n\n```\n\n",
    "templateCode": "",
    "sourceCode": "s=input()\nres=s[0]\nfor i in s[1:]:\n\tres = res + '\\\\' + i\nprint(res)\n",
    "lang": "Python3",
    "testCases": [
        {
            "input": "abcdefg\n",
            "output": "a\\b\\c\\d\\e\\f\\g\n"
        },
        {
            "input": "python\n",
            "output": "p\\y\\t\\h\\o\\n\n"
        }
    ]
}