{
    "title": "函数参数顺序",
    "desc": "### 题目描述\n给定一个函数，请给函数传入正确的参数，完成函数调用\n\n\n### 输入描述\n函数需要几个参数，则有几个输入\n\n\n### 输出描述\n打印函数返回值\n\n\n### 测试样例\n\n#### 样例1: 输入-输出\n\n```\nAlice,first\n```\n\n```\nHello , Alice! This is your first practice\n```\n\n",
    "templateCode": "def test(num,name):\n    print('Hello , %s锛乀his is your %s practice'%(name,num))",
    "sourceCode": "def test(num,name):\n    print('Hello , %s! This is your %s practice'%(name,num))\nname,num=input().split(',')\ntest(num,name)",
    "lang": "Python3",
    "testCases": [
        {
            "input": "Alice,first\n",
            "output": "Hello , Alice! This is your first practice\n"
        },
        {
            "input": "Mike,second\n",
            "output": "Hello , Mike! This is your second practice\n"
        }
    ]
}