{
    "title": "利用help函数查看用法",
    "desc": "### 题目描述\n\n使用python中的help函数，生成给定内置数据类型的函数的介绍\n\n### 输入描述\n\n给定内置数据类型的函数\n\n### 输出描述\n\n输出该函数的 help 文档\n\n### 测试样例\n\n#### 样例1: 输入-输出\n\n```\nlist.append\n```\n\n```\nHelp on method_descriptor in list:\n\nlist.append = append(self, object, /)\n    Append object to the end of the list.\n\n```\n\n",
    "templateCode": "",
    "sourceCode": "a = input()\nhelp(a)\n",
    "lang": "Python3",
    "testCases": [
        {
            "input": "list.append\n",
            "output": "Help on method_descriptor in list:\n\nlist.append = append(self, object, /)\n    Append object to the end of the list.\n\n"
        },
        {
            "input": "list.extend\n",
            "output": "Help on method_descriptor in list:\n\nlist.extend = extend(self, iterable, /)\n    Extend list by appending elements from the iterable.\n\n"
        }
    ],
    "simple_desc": "0",
    "difficulty": "简单题目描述",
    "tag": "知识点",
    "author": "匿名"
}