{
    "title": "Weekday",
    "desc": "### 题目描述\n\n输入一个日期，请你输出该日是一周的第几天，使用英文表示。\n\n### 输入描述\n\n输入为一个日期，格式为 `Year-Month-Day`。\n\n### 输出描述\n\n输出该日期是一周的第几天，使用英文表示。\n\n### 测试样例\n\n#### 样例1: 输入-输出\n\n```\n2019-08-29\n```\n\n```\nThursday\n```\n\n",
    "templateCode": "",
    "sourceCode": "from datetime import date\n\ny, m, d = map(int, input().split('-'))\ndt = date(y, m, d)\nprint(dt.strftime(\"%A\"))",
    "lang": "Python3",
    "testCases": [
        {
            "input": "2019-08-29\n",
            "output": "Thursday\n"
        },
        {
            "input": "1900-10-01\n",
            "output": "Monday\n"
        },
        {
            "input": "2000-10-01\n",
            "output": "Sunday\n"
        },
        {
            "input": "2000-01-01\n",
            "output": "Saturday\n"
        }
    ],
    "simple_desc": "判断是周几",
    "difficulty": "1",
    "tag": "datetime",
    "author": "谢子聪"
}