{
    "title": "enumerate函数",
    "desc": "### 题目描述\n对于输入的员工列表，我们默认从第一个员工开始为员工编号，第一个员工的初始编号为10001，输出所有员工的编号和员工姓名。\n\n### 输入描述\n第一行为测试用例的个数\n每个测试用例为员工姓名的列表，姓名之间用空格隔开\n\n\n### 输出描述\n所有员工id和姓名，中间用空格隔开\n\n### 测试样例\n\n#### 样例1: 输入-输出\n\n```\n1\ntony sunny louis \n```\n\n```\n10001 tony\n10002 sunny\n10003 louis\n```\n\n",
    "templateCode": "",
    "sourceCode": "#enumerate\nnum = int(input())\nfor i in range(num):\n    listEmp = list(input().split())\n    for i,element in enumerate(listEmp,start = 10001):\n        print(i,element)",
    "lang": "Python3",
    "testCases": [
        {
            "input": "1\ntony sunny louis \n",
            "output": "10001 tony\n10002 sunny\n10003 louis\n"
        },
        {
            "input": "2\nshdususg sdyusgdau shaiudhi adahwdiu \na1231a 154889 sdhadbhb\n",
            "output": "10001 shdususg\n10002 sdyusgdau\n10003 shaiudhi\n10004 adahwdiu\n10001 a1231a\n10002 154889\n10003 sdhadbhb\n"
        }
    ]
}