{
    "title": "给出数组长度",
    "desc": "### 题目描述\n\n给出数组长度\n\n### 输入描述\n\n一个数组，以空格隔开的int类型\n\n### 输出描述\n\n数组长度\n\n### 测试样例\n\n#### 样例1: 输入-输出\n\n```\n2 3 4 1 5 7\n```\n\n```\n6\n```\n\n",
    "templateCode": "",
    "sourceCode": "a = input().split(' ')\nprint(len(a))\n",
    "lang": "Python3",
    "testCases": [
        {
            "input": "2 3 4 1 5 7\n",
            "output": "6\n"
        }
    ]
}