{
    "title": "reverse函数的使用",
    "desc": "### 题目描述\n汇编语言中有一种移位指令叫做循环左移（ROL），现在有个简单的任务，就是用字符串模拟这个指令的运算结果。对于一个给定的字符序列S，请你把其循环左移K位后的序列输出。例如，字符序列S=”abcXYZdef”,要求输出循环左移3位后的结果，即“XYZdefabc”。\n\n### 输入描述\n第一行为测试用例的个数\n第二行开始每一行为一个测试用例，输入为一个字符串和k值，中间使用空格隔开\n### 输出描述\n循环左移k值后的结果\n\n### 测试样例\n\n#### 样例1: 输入-输出\n\n```\n1\nabcdef 3\n```\n\n```\ndefabc\n```\n\n\n",
    "templateCode": "",
    "sourceCode": "#reverse\nnum = int(input())\nfor i in range(num):\n    str1 = list(input().split())\n    num = int(str1[1])\n    strLeft = list(str1[0][:num])\n    strRight =list(str1[0][num:])\n    strLeft.reverse()\n    strRight.reverse()\n    strLeft.extend(strRight)\n    strLeft.reverse()\n    print(''.join(strLeft))",
    "lang": "Python3",
    "testCases": [
        {
            "input": "1\nabcdef 3\n",
            "output": "defabc\n"
        },
        {
            "input": "2\ndabendanshiwo 8\ndabendannicaishi 8\n",
            "output": "shiwodabendan\nnicaishidabendan\n"
        },
        {
            "input": "4\njiusuibianSUAHI 4\njintianshizhoumo 7\nwodoumeiyouchuquwan 5\nyinweicaijibupeiyongyouzhoumo 6",
            "output": "uibianSUAHIjius\nshizhoumojintian\nmeiyouchuquwanwodou\ncaijibupeiyongyouzhoumoyinwei\n"
        }
    ]
}