{
    "title": "判断读取的变量是否为int类型",
    "desc": "### 题目描述\n\n使用python中的isinstance函数，判断读取的变量是否为int类型\n\n### 输入描述\n\n可能为int类型或sring类型或float类型\n\n### 输出描述\n\n是否为int类型，是则输出True，否则输出False\n\n### 测试样例\n\n#### 样例1: 输入-输出\n\n```\n2\n```\n\n```\nTrue\n```\n\n",
    "templateCode": "",
    "sourceCode": "a = input()\ntry:\n    print(isinstance(int(a),int))\nexcept:\n    print(False)\n",
    "lang": "Python3",
    "testCases": [
        {
            "input": "2\n",
            "output": "True\n"
        },
        {
            "input": "asd\n",
            "output": "False\n"
        },
        {
            "input": "1.34\n",
            "output": "False\n"
        }
    ]
}