{
    "title": "正则表达式的search函数",
    "desc": "### 题目描述\n使用正则表达式模块的search函数，输出模式在字符串中匹配的位置，如果不匹配则输出None\n\n\n### 输入描述\n第一行测试用例的个数\n第二行开始为模式串和字符串，中间用空格隔开\n\n\n### 输出描述\n\n为匹配的位置的元组，如果不匹配则为None\n\n### 测试样例\n\n#### 样例1: 输入-输出\n\n```\n2\nise www.iselab.cn\ncom www.iselab.cn\n```\n\n```\n(4, 7)\nNone\n```\n\n",
    "templateCode": "",
    "sourceCode": "\nimport re\nnum = int(input())\nfor i in range(num):\n    str1 = list(input().split())\n    pattern = str1[0]\n    strToSearch = str1[1]\n    if(re.search(pattern,strToSearch)):\n        print(re.search(pattern,strToSearch).span())\n    else:\n        print(re.search(pattern,strToSearch))",
    "lang": "Python3",
    "testCases": [
        {
            "input": "2\nise www.iselab.cn\ncom www.iselab.cn\n",
            "output": "(4, 7)\nNone\n"
        },
        {
            "input": "1\nwww www.baidu.com\n",
            "output": "(0, 3)\n"
        },
        {
            "input": "2\nwww www.baidu.com\nbuzhidao woyebuzhidao\n",
            "output": "(0, 3)\n(4, 12)\n"
        },
        {
            "input": "1\nemmmmmmm emmmmnmmmm\n",
            "output": "None\n"
        }
    ],
    "simple_desc": "0",
    "difficulty": "简单题目描述",
    "tag": "知识点",
    "author": "匿名"
}