{
    "title": "利用help函数查看用法",
    "desc": "### 题目描述\n\n使用python中的help函数，生成给定数据结构的介绍\n\n### 输入描述\n\n给定数据结构\n\n### 输出描述\n\n数据结构的介绍\n\n### 测试样例\n\n#### 样例1: 输入-输出\n\n```\nlist\n```\n\n```\nHelp on class list in module builtins:\n\nclass list(object)\n |  list() -> new empty list\n |  list(iterable) -> new list initialized from iterable's items\n |  \n |  Methods defined here:\n |  \n |  __add__(self, value, /)\n |      Return self+value.\n |  \n |  __contains__(self, key, /)\n |      Return key in self.\n |  \n |  __delitem__(self, key, /)\n |      Delete self[key].\n |  \n |  __eq__(self, value, /)\n |      Return self==value.\n |  \n |  __ge__(self, value, /)\n |      Return self>=value.\n |  \n |  __getattribute__(self, name, /)\n |      Return getattr(self, name).\n |  \n |  __getitem__(...)\n |      x.__getitem__(y) <==> x[y]\n |  \n |  __gt__(self, value, /)\n |      Return self>value.\n |  \n |  __iadd__(self, value, /)\n |      Implement self+=value.\n |  \n |  __imul__(self, value, /)\n |      Implement self*=value.\n |  \n |  __init__(self, /, *args, **kwargs)\n |      Initialize self.  See help(type(self)) for accurate signature.\n |  \n |  __iter__(self, /)\n |      Implement iter(self).\n |  \n |  __le__(self, value, /)\n |      Return self<=value.\n |  \n |  __len__(self, /)\n |      Return len(self).\n |  \n |  __lt__(self, value, /)\n |      Return self<value.\n |  \n |  __mul__(self, value, /)\n |      Return self*value.n\n |  \n |  __ne__(self, value, /)\n |      Return self!=value.\n |  \n |  __new__(*args, **kwargs) from builtins.type\n |      Create and return a new object.  See help(type) for accurate signature.\n |  \n |  __repr__(self, /)\n |      Return repr(self).\n |  \n |  __reversed__(...)\n |      L.__reversed__() -- return a reverse iterator over the list\n |  \n |  __rmul__(self, value, /)\n |      Return self*value.\n |  \n |  __setitem__(self, key, value, /)\n |      Set self[key] to value.\n |  \n |  __sizeof__(...)\n |      L.__sizeof__() -- size of L in memory, in bytes\n |  \n |  append(...)\n |      L.append(object) -> None -- append object to end\n |  \n |  clear(...)\n |      L.clear() -> None -- remove all items from L\n |  \n |  copy(...)\n |      L.copy() -> list -- a shallow copy of L\n |  \n |  count(...)\n |      L.count(value) -> integer -- return number of occurrences of value\n |  \n |  extend(...)\n |      L.extend(iterable) -> None -- extend list by appending elements from the iterable\n |  \n |  index(...)\n |      L.index(value, [start, [stop]]) -> integer -- return first index of value.\n |      Raises ValueError if the value is not present.\n |  \n |  insert(...)\n |      L.insert(index, object) -- insert object before index\n |  \n |  pop(...)\n |      L.pop([index]) -> item -- remove and return item at index (default last).\n |      Raises IndexError if list is empty or index is out of range.\n |  \n |  remove(...)\n |      L.remove(value) -> None -- remove first occurrence of value.\n |      Raises ValueError if the value is not present.\n |  \n |  reverse(...)\n |      L.reverse() -- reverse *IN PLACE*\n |  \n |  sort(...)\n |      L.sort(key=None, reverse=False) -> None -- stable sort *IN PLACE*\n |  \n |  ----------------------------------------------------------------------\n |  Data and other attributes defined here:\n |  \n |  __hash__ = None\n\nNone\n```\n\n",
    "templateCode": "",
    "sourceCode": "a = input()\nprint(help(a))\n",
    "lang": "Python3",
    "testCases": [
        {
            "input": "list\n",
            "output": "Help on class list in module builtins:\n\nclass list(object)\n |  list() -> new empty list\n |  list(iterable) -> new list initialized from iterable's items\n |  \n |  Methods defined here:\n |  \n |  __add__(self, value, /)\n |      Return self+value.\n |  \n |  __contains__(self, key, /)\n |      Return key in self.\n |  \n |  __delitem__(self, key, /)\n |      Delete self[key].\n |  \n |  __eq__(self, value, /)\n |      Return self==value.\n |  \n |  __ge__(self, value, /)\n |      Return self>=value.\n |  \n |  __getattribute__(self, name, /)\n |      Return getattr(self, name).\n |  \n |  __getitem__(...)\n |      x.__getitem__(y) <==> x[y]\n |  \n |  __gt__(self, value, /)\n |      Return self>value.\n |  \n |  __iadd__(self, value, /)\n |      Implement self+=value.\n |  \n |  __imul__(self, value, /)\n |      Implement self*=value.\n |  \n |  __init__(self, /, *args, **kwargs)\n |      Initialize self.  See help(type(self)) for accurate signature.\n |  \n |  __iter__(self, /)\n |      Implement iter(self).\n |  \n |  __le__(self, value, /)\n |      Return self<=value.\n |  \n |  __len__(self, /)\n |      Return len(self).\n |  \n |  __lt__(self, value, /)\n |      Return self<value.\n |  \n |  __mul__(self, value, /)\n |      Return self*value.n\n |  \n |  __ne__(self, value, /)\n |      Return self!=value.\n |  \n |  __new__(*args, **kwargs) from builtins.type\n |      Create and return a new object.  See help(type) for accurate signature.\n |  \n |  __repr__(self, /)\n |      Return repr(self).\n |  \n |  __reversed__(...)\n |      L.__reversed__() -- return a reverse iterator over the list\n |  \n |  __rmul__(self, value, /)\n |      Return self*value.\n |  \n |  __setitem__(self, key, value, /)\n |      Set self[key] to value.\n |  \n |  __sizeof__(...)\n |      L.__sizeof__() -- size of L in memory, in bytes\n |  \n |  append(...)\n |      L.append(object) -> None -- append object to end\n |  \n |  clear(...)\n |      L.clear() -> None -- remove all items from L\n |  \n |  copy(...)\n |      L.copy() -> list -- a shallow copy of L\n |  \n |  count(...)\n |      L.count(value) -> integer -- return number of occurrences of value\n |  \n |  extend(...)\n |      L.extend(iterable) -> None -- extend list by appending elements from the iterable\n |  \n |  index(...)\n |      L.index(value, [start, [stop]]) -> integer -- return first index of value.\n |      Raises ValueError if the value is not present.\n |  \n |  insert(...)\n |      L.insert(index, object) -- insert object before index\n |  \n |  pop(...)\n |      L.pop([index]) -> item -- remove and return item at index (default last).\n |      Raises IndexError if list is empty or index is out of range.\n |  \n |  remove(...)\n |      L.remove(value) -> None -- remove first occurrence of value.\n |      Raises ValueError if the value is not present.\n |  \n |  reverse(...)\n |      L.reverse() -- reverse *IN PLACE*\n |  \n |  sort(...)\n |      L.sort(key=None, reverse=False) -> None -- stable sort *IN PLACE*\n |  \n |  ----------------------------------------------------------------------\n |  Data and other attributes defined here:\n |  \n |  __hash__ = None\n\nNone\n"
        }
    ]
}