{
    "title": "正则表达式的综合运用",
    "desc": "### 题目描述\n用正则表达式匹配字符串中的qq号（腾讯QQ号从10000开始）\n### 输入描述\n第一行测试用例的个数\n下一行为测试用例的字符串，每个号码之间用逗号隔开\n\n### 输出描述\n字符串中所有符合要求的QQ号列表\n\n### 测试样例\n\n#### 样例1: 输入-输出\n\n```\n1\n3344,88888,7778957,10000,99999,414,4,867287672\n```\n\n```\n['88888', '7778957', '10000', '99999', '867287672']\n```\n\n\n",
    "templateCode": "",
    "sourceCode": "import re\nnum = int(input())\nfor i in range(num):\n    str1 = input()\n    ret=re.findall('[1-9][0-9]{4,}',str1)\n    print(ret)",
    "lang": "Python3",
    "testCases": [
        {
            "input": "1\n3344,88888,7778957,10000,99999,414,4,867287672\n",
            "output": "['88888', '7778957', '10000', '99999', '867287672']\n"
        },
        {
            "input": "1\nHUADIH,hudi890283,7808908\n",
            "output": "['890283', '7808908']\n"
        },
        {
            "input": "1\nDHAUDAD,78193,327389,3893D,8929\n",
            "output": "['78193', '327389']\n"
        },
        {
            "input": "2\n337554874,14542784,1254,3654789,14,2\nshudau,sdhidhai,dsooadb,zcjiso,12547896\n",
            "output": "['337554874', '14542784', '3654789']\n['12547896']\n"
        }
    ],
    "simple_desc": "0",
    "difficulty": "简单题目描述",
    "tag": "知识点",
    "author": "匿名"
}