{
    "title": "利用repr函数，给出表示数组的字符串",
    "desc": "### 题目描述\n\n使用python中的repr函数，给出表示数组的字符串\n\n### 输入描述\n\nlist，以空格隔开\n\n### 输出描述\n\nlist的完整字符串\n\n### 测试样例\n\n#### 样例1: 输入-输出\n\n```\n3 w 5 f 4\n```\n\n```\n['3', 'w', '5', 'f', '4']\n```\n\n",
    "templateCode": "",
    "sourceCode": "arr = input().split(' ')\nprint(repr(arr))\n",
    "lang": "Python3",
    "testCases": [
        {
            "input": "3 w 5 f 4\n",
            "output": "['3', 'w', '5', 'f', '4']\n"
        }
    ]
}