{
    "title": "统计元素出现次数",
    "desc": "### 题目描述\n\n利用Python中的random模块生成 n 个0到9之间的随机整数，并统计每个元素的出现次数。\n\n### 输入描述\n\n输入为一个 n 表示序列的长度\n\n### 输出描述\n\n输出多行，每行为一个整数和其出现次数，按照整数的大小升序排列，格式见样例输出\n\n### 测试样例\n\n#### 样例1: 输入-输出\n\n```\n4\n```\n\n```\n0 1\n4 1\n6 2\n```\n\n### 提示\n\n请使用 random.seed(0) 来设置随机种子\n",
    "templateCode": "",
    "sourceCode": "import random\nfrom collections import Counter\n\nrandom.seed(0)\n\nn = int(input())\n\nl = [random.randint(0, 9) for i in range(n)]\n\nc = Counter(l).most_common()\n\nc.sort()\n\nfor i in c:\n    print('{} {}'.format(i[0], i[1]))",
    "lang": "Python3",
    "testCases": [
        {
            "input": "4\n",
            "output": "0 1\n4 1\n6 2\n"
        },
        {
            "input": "9\n",
            "output": "0 1\n4 2\n6 3\n7 2\n8 1\n"
        },
        {
            "input": "20\n",
            "output": "0 1\n1 1\n2 2\n3 1\n4 4\n5 1\n6 3\n7 2\n8 3\n9 2\n"
        },
        {
            "input": "12\n",
            "output": "0 1\n3 1\n4 2\n5 1\n6 3\n7 2\n8 1\n9 1\n"
        }
    ],
    "simple_desc": "使用 random 生成随机数列并统计每个数的出现次数",
    "difficulty": "2",
    "tag": "random-seed()|random-randint()|collections-Counter",
    "author": "MOOCTEST"
}