{
    "title": "正则表达式的match函数",
    "desc": "### 题目描述\n使用正则表达式的match函数,输出模式pattern在字符串中的匹配位置，如果没有则输出None\n\n### 输入描述\n输入格式，第一行为测试的循环数\n第二行开始为模式串和字符串，中间用空格隔开\n\n\n### 输出描述\n\n为匹配的位置的元组，如果不匹配则为None\n\n### 测试样例\n\n#### 样例1: 输入-输出\n\n```\n1\nwww www.iselab.cn\n```\n\n```\n(0, 3)\n```\n\n#### 样例1: 输入-输出\n",
    "templateCode": "",
    "sourceCode": "import re\nnum = int(input())\nfor i in range(num):\n    str1 = list(input().split())\n    pattern = str1[0]\n    strToMatch = str1[1]\n    if(re.match(pattern,strToMatch)):\n        print(re.match(pattern,strToMatch).span())\n    else:\n        print(re.match(pattern,strToMatch))",
    "lang": "Python3",
    "testCases": [
        {
            "input": "1\nwww www.iselab.cn\n",
            "output": "(0, 3)\n"
        },
        {
            "input": "1\nwww www.baidu.com\n",
            "output": "(0, 3)\n"
        },
        {
            "input": "2\nbuzhidao woyebuzhidao\nemmmmmm emmmmmmmmmm\n",
            "output": "None\n(0, 7)\n"
        }
    ],
    "simple_desc": "0",
    "difficulty": "简单题目描述",
    "tag": "知识点",
    "author": "匿名"
}