{
    "title": "求平方根",
    "desc": "### 题目描述\n使用Math库中的函数，求输入数据n的平方根\n\n\n### 输入描述\n输入一个正整数n\n\n\n### 输出描述\n输出n的平方根\n\n\n### 测试样例\n\n#### 样例1: 输入-输出\n\n```\n4\n```\n\n```\n2.0\n```\n\n#### 样例2: 输入-输出\n\n```\n9\n```\n\n```\n3.0\n```\n\n\n",
    "templateCode": "import math\n",
    "sourceCode": "import math\nn=int(input())\nprint(math.sqrt(n))\n",
    "lang": "Python3",
    "testCases": [
        {
            "input": "4\n",
            "output": "2.0\n"
        },
        {
            "input": "9\n",
            "output": "3.0\n"
        },
        {
            "input": "25\n",
            "output": "5.0\n"
        }
    ]
}