{
    "title": "sort函数的使用",
    "desc": "给定初始列表ls，将ls从大到小排序并输出\n\n\n### 输入描述\n无\n\n\n### 输出描述\n列表ls从大到小输出\n\n\n### 测试样例\n\n#### 样例1: 输入-输出\n\n```\nNone\n```\n\n```\n[9, 8, 7, 6, 5, 4, 3, 2, 1]\n```\n\n",
    "templateCode": "ls=[1,5,9,3,7,6,2,4,8]",
    "sourceCode": "ls=[1,5,9,3,7,6,2,4,8]\nls.sort(reverse=True)\nprint(ls)",
    "lang": "Python3",
    "testCases": [
        {
            "input": "None\n",
            "output": "[9, 8, 7, 6, 5, 4, 3, 2, 1]\n"
        }
    ]
}