{
    "title": "原始字符串",
    "desc": "### 题目描述\n将所有的字符串都是直接按照字面的意思来输出，没有转义特殊或不能打印的字符\n\n\n### 输入描述\n具有转义功能的字符串\n\n\n### 输出描述\n将输入内容原样输出，不体现转义功能\n\n\n### 测试样例\n\n#### 样例1: 输入-输出\n\n```\n\\t\n```\n\n```\n\\t\n```\n\n#### 样例2: 输入-输出\n\n```\n\\n\n```\n\n```\n\\n\n```\n\n",
    "templateCode": "",
    "sourceCode": "s=input()\nprint(s)",
    "lang": "Python3",
    "testCases": [
        {
            "input": "\\t\n",
            "output": "\\t\n"
        },
        {
            "input": "\\n\n",
            "output": "\\n\n"
        },
        {
            "input": "\\\"\n",
            "output": "\\\"\n"
        }
    ]
}