{
    "title": "我也想拥有姓名",
    "desc": "### 题目描述\n\n现在有一个 (x, y) 点坐标需要存储，你会采取什么方式？\n\n- 元组：简单高效但是元素没有名称\n- 字典：开销大\n- 对象：编写麻烦\n\n有更好的方式吗？那就是 collections 库中的 [namedtuple](<https://docs.python.org/zh-cn/3/library/collections.html#collections.namedtuple>)。可以让元组本身和其元素拥有姓名。\n\n请学习 namedtuple 的使用并完成本题。\n\n### 输入描述\n\n输入为两个整数 x 和 y。 \n\n### 输出描述\n\n请将 namedtuple 命名为 Point，其有两个属性值，分别为 x 和 y。直接使用命名元组输出这个坐标。\n\n### 测试样例\n\n#### 样例1: 输入-输出\n\n```\n1 2\n```\n\n```\nPoint(x=1, y=2)\n```\n\n",
    "templateCode": "",
    "sourceCode": "from collections import namedtuple\n\nPoint = namedtuple('Point', 'x y')\n\nprint(Point._make(map(int, input().split())))",
    "lang": "Python3",
    "testCases": [
        {
            "input": "1 2\n",
            "output": "Point(x=1, y=2)\n"
        },
        {
            "input": "3 4\n",
            "output": "Point(x=3, y=4)\n"
        },
        {
            "input": "-1 -2\n",
            "output": "Point(x=-1, y=-2)\n"
        }
    ]
}