{
    "title": "时间差",
    "desc": "### 题目描述\n\n输入两个日期时间，请你计算它们相差多少天和多少小时。\n\n### 输入描述\n\n输入分为两行，表示两个日期。日期的格式为 `Year-Month-Day Hour:Minute`\n\n### 输出描述\n\n输出两个整数，用空格隔开，分别表示相差的天数和相差的小时数。\n\n### 测试样例\n\n#### 样例1: 输入-输出\n\n```\n2019-02-01 23:21\n2019-01-03 12:35\n```\n\n```\n29 706\n```\n\n",
    "templateCode": "",
    "sourceCode": "from datetime import datetime\n\n\ndef get_dt():\n    return datetime.strptime(input(), \"%Y-%m-%d %H:%M\")\n\nd1 = get_dt()\nd2 = get_dt()\n\ndelta = abs(d1 - d2)\nprint(delta.days, delta.days*24+delta.seconds//3600)",
    "lang": "Python3",
    "testCases": [
        {
            "input": "2019-02-01 23:21\n2019-01-03 12:35\n",
            "output": "29 706\n"
        },
        {
            "input": "2019-02-01 23:21\n2017-01-03 12:35\n",
            "output": "759 18226\n"
        },
        {
            "input": "2014-03-01 21:21\n2017-01-03 12:35\n",
            "output": "1038 24927\n"
        },
        {
            "input": "2017-01-01 23:21\n2017-01-01 12:00\n",
            "output": "0 11\n"
        }
    ]
}