{
    "title": "回文数",
    "desc": "### 题目描述\n\n回文数是指一个正读和反读都一样的数字。你能判断一个数字的绝对值是否是回文数吗？\n\n### 输入格式\n\n一个整数 a\n\n### 输出格式\n\n如果该数的绝对值是一个回文数，输出 `True`，否则输出 `False`\n\n### 测试样例\n\n#### 样例1: 输入-输出\n\n```\n1\n```\n\n```\nTrue\n```\n\n#### 样例2: 输入-输出\n\n```\n-1\n```\n\n```\nTrue\n```\n\n",
    "templateCode": "",
    "sourceCode": "a = str(abs(int(input())))\n\nprint(a[::-1] == a)",
    "lang": "Python3",
    "testCases": [
        {
            "input": "1\n",
            "output": "True\n"
        },
        {
            "input": "-1\n",
            "output": "True\n"
        },
        {
            "input": "-12\n",
            "output": "False\n"
        },
        {
            "input": "123321\n",
            "output": "True\n"
        }
    ]
}