{
    "title": "index函数的使用",
    "desc": "### 题目描述\n给定一个列表ls，求数字3在ls中的索引值，并输出\n\n\n### 输入描述\n无\n\n\n### 输出描述\n输出3在列表ls中的索引值\n\n\n### 测试样例\n\n#### 样例1: 输入-输出\n\n```\n3\n```\n\n```\n5\n```\n\n#### 样例2: 输入-输出\n\n```\n10\n```\n\n```\nerror\n```\n\n",
    "templateCode": "ls=[1,4,6,2,9,3,8,5,7]\n",
    "sourceCode": "n=int(input())\nls=[1,4,6,2,9,3,8,5,7]\nif n in ls:\n\tprint(ls.index(n))\nelse:\n\tprint('error')",
    "lang": "Python3",
    "testCases": [
        {
            "input": "3\n",
            "output": "5\n"
        },
        {
            "input": "10\n",
            "output": "error\n"
        },
        {
            "input": "9\n",
            "output": "4\n"
        }
    ]
}