{
    "title": "map函数的使用",
    "desc": "### 题目描述\n使用map函数，将输入的字符转换成数值类型，然后对其进行求和和求最大值的操作\n\n### 输入描述\n第一行是测试用例的个数\n第二行开始每一行为一个测试用例，数字之间用空格隔开\n\n### 输出描述\n对应每一个测试用例，第一行输出为求和，第二行为最大值\n\n### 测试样例\n\n#### 样例1: 输入-输出\n\n```\n1\n1 2 5 4 7 8 9 6\n```\n\n```\n42\n9\n```\n\n\n",
    "templateCode": "",
    "sourceCode": "#map\nnum = int(input())\nfor i in range(num):\n    str1 = list(map(int,input().split()))\n    print(sum(str1))\n    print(max(str1))",
    "lang": "Python3",
    "testCases": [
        {
            "input": "1\n1 2 5 4 7 8 9 6\n",
            "output": "42\n9\n"
        },
        {
            "input": "2\n4 5 7 8 9 5 6 4\n123 48 75 98 61 35",
            "output": "48\n9\n440\n123\n"
        }
    ]
}