{
    "title": "利用repr函数，给出表示字典的字符串",
    "desc": "### 题目描述\n\n使用python中的repr函数，给出表示字典的字符串\n\n### 输入描述\n\ndic字典，每一行有两个元素，第一个元素为字典的key，第二个与元素为对应的value\n\n### 输出描述\n\n字典的完整字符串\n\n### 测试样例\n\n#### 样例1: 输入-输出\n\n```\na 2\nb 5\nw 2\nc 4\n```\n\n```\n{'a': '2', 'b': '5', 'w': '2', 'c': '4'}\n```\n\n",
    "templateCode": "",
    "sourceCode": "dic = {}\nwhile True:\n    try:\n        s = input().split(' ')\n        dic[s[0]] = s[1]\n    except:\n        break\nprint(repr(dic))\n",
    "lang": "Python3",
    "testCases": [
        {
            "input": "a 2\nb 5\nw 2\nc 4\n",
            "output": "{'a': '2', 'b': '5', 'w': '2', 'c': '4'}\n"
        }
    ]
}