{
    "title": "创建随机数",
    "desc": "### 题目描述\n\n请你生成一个 10 到 20 之间的随机数\n\n### 输入描述\n\n输入是一个整数 seed, 表示一个随机数种子\n\n### 输出描述\n\n请你以 seed 为随机数种子，生成一个 10 到 20 之间的随机浮点数，结果保留到三位小数\n\n### 测试样例\n\n#### 样例1: 输入-输出\n\n```\n2019\n```\n\n```\n18.323\n```\n\n### 提示\n\n`random.seed()` 和 `random.uniform()`\n\n### 题目来源\n\nRUNOOB.COM",
    "templateCode": "",
    "sourceCode": "import random\n\na = int(input())\nrandom.seed(a)\nprint('{:.3f}'.format(random.uniform(10, 20)))",
    "lang": "Python3",
    "testCases": [
        {
            "input": "0",
            "output": "18.444\n"
        },
        {
            "input": "1",
            "output": "11.344\n"
        },
        {
            "input": "2019",
            "output": "18.323\n"
        }
    ]
}