{
    "title": "统计字符出现次数",
    "desc": "### 题目描述\n\n请统计一个字符串中，每个英文字母的出现次数。\n\n### 输入描述\n\n输入为一个字符串，包含各种字符\n\n### 输出描述\n\n输出多行，按出现次数从多到少，如果出现次数相同，则按字母的字母表顺序，每行为一个字母和其出现次数\n\n### 测试样例\n\n#### 样例1: 输入-输出\n\n```\nHello World!\n```\n\n```\nl 3\no 2\nd 1\ne 1\nh 1\nr 1\nw 1\n```\n\n",
    "templateCode": "",
    "sourceCode": "from collections import Counter\nimport functools\n\ndef cmp(x, y):\n    if x[1] == y[1]:\n        return -1 if x[0] < y[0] else x[0] > y[0]\n    return -1 if x[1] > y[1] else x[1] < y[1]\n\nl = Counter(filter(str.isalpha, input().lower())).most_common()\nl.sort(key=functools.cmp_to_key(cmp))\nfor i in l:\n    print('{} {}'.format(i[0], i[1]))",
    "lang": "Python3",
    "testCases": [
        {
            "input": "Hello World!\n",
            "output": "l 3\no 2\nd 1\ne 1\nh 1\nr 1\nw 1\n"
        },
        {
            "input": "This is a test text\n",
            "output": "t 5\ns 3\ne 2\ni 2\na 1\nh 1\nx 1\n"
        },
        {
            "input": "Hola World!\n",
            "output": "l 2\no 2\na 1\nd 1\nh 1\nr 1\nw 1\n"
        },
        {
            "input": "fneakjnfoaidjkasopdhwquonr3o.e13[p.e13o2jme.12';e.;'1,e;'12.,dso21pmd12,'1e2,ep,[]]\n",
            "output": "e 8\no 6\nd 4\np 4\na 3\nj 3\nn 3\nf 2\nk 2\nm 2\ns 2\nh 1\ni 1\nq 1\nr 1\nu 1\nw 1\n"
        }
    ],
    "simple_desc": "统计每个字符的出现次数并降序输出",
    "difficulty": "3",
    "tag": "字符串-内置函数-count()|collections-Counter|functools",
    "author": "MOOCTEST"
}