{
    "title": "求标准差",
    "desc": "### 题目描述\n使用Statistics库中的函数，求列表中数据的标准差\n\n\n### 输入描述\n无\n\n\n### 输出描述\n输出标准差\n\n\n### 测试样例\n\n#### 样例1: 输入-输出\n\n```\nNone\n```\n\n```\n2.7386127875258306\n```\n\n",
    "templateCode": "import statistics\nls=[1,2,3,4,5,6,7,8,9]\n",
    "sourceCode": "import statistics\nls=[1,2,3,4,5,6,7,8,9]\nprint(statistics.stdev(ls))",
    "lang": "Python3",
    "testCases": [
        {
            "input": "None\n",
            "output": "2.7386127875258306\n"
        }
    ]
}