{
    "title": "求众数",
    "desc": "### 题目描述\n使用Statistics库中的函数，求列表中数据的众数\n\n\n### 输入描述\n无\n\n\n### 输出描述\n输出众数\n\n\n### 测试样例\n\n#### 样例1: 输入-输出\n\n```\nNone\n```\n\n```\n1\n```\n\n",
    "templateCode": "import statistics\nls=[1,1,1,2,2,3,3]\n",
    "sourceCode": "import statistics\nls=[1,1,1,2,2,3,3]\nprint(statistics.mode(ls))",
    "lang": "Python3",
    "testCases": [
        {
            "input": "None\n",
            "output": "1\n"
        }
    ]
}