{
    "title": "求圆的面积",
    "desc": "### 题目描述\n根据输入的半径n，就圆形的面积\n\n\n### 输入描述\n输入一个数n\n\n\n### 输出描述\n输出圆形的面积\n\n\n### 测试样例\n\n#### 样例1: 输入-输出\n\n```\n2\n```\n\n```\n12.566370614359172\n```\n\n",
    "templateCode": "import math\n",
    "sourceCode": "import math\nn=float(input())\nprint(math.pi * n**2)\n",
    "lang": "Python3",
    "testCases": [
        {
            "input": "2\n",
            "output": "12.566370614359172\n"
        },
        {
            "input": "4\n",
            "output": "50.26548245743669\n"
        }
    ]
}