{
    "title": "制表符的使用",
    "desc": "### 题目描述\n将输入字符串的每个单词以制表符隔开，并输出\n\n\n### 输入描述\n输入一个字符串\n\n\n### 输出描述\n输出由制表符隔开的字符串\n\n\n### 测试样例\n\n#### 样例1: 输入-输出\n\n```\npython\n```\n\n```\np\ty\tt\th\to\tn\t```\n\n",
    "templateCode": "",
    "sourceCode": "s=input()\nfor i in s:\n\tprint(i,end='\\t')",
    "lang": "Python3",
    "testCases": [
        {
            "input": "python\n",
            "output": "p\ty\tt\th\to\tn\t"
        },
        {
            "input": "abcd\n",
            "output": "a\tb\tc\td\t"
        }
    ]
}