{
    "title": "时间戳格式化",
    "desc": "### 题目描述\n\n时间戳表示自从1970年1月1日午夜（历元）经过了多长时间。\n\n请将一个时间戳格式化输出。\n\n### 输入描述\n\n输入为一个浮点数，表示时间戳。\n\n### 输出描述\n\n使用 `Year-Month-Day Hour:Minute` 的格式输出该时间戳表示的时间。\n\n### 测试样例\n\n#### 样例1: 输入-输出\n\n```\n1555134795.4250443\n```\n\n```\n2019-04-13 13:53\n```\n\n",
    "templateCode": "",
    "sourceCode": "from datetime import datetime\nt = datetime.fromtimestamp(float(input()))\nprint(t.strftime(\"%Y-%m-%d %H:%M\"))",
    "lang": "Python3",
    "testCases": [
        {
            "input": "1555134795.4250443\n",
            "output": "2019-04-13 13:53\n"
        },
        {
            "input": "4738295.54372\n",
            "output": "1970-02-25 04:11\n"
        },
        {
            "input": "123789763.43671\n",
            "output": "1973-12-04 02:02\n"
        },
        {
            "input": "3104.123788\n",
            "output": "1970-01-01 08:51\n"
        }
    ],
    "simple_desc": "0",
    "difficulty": "简单题目描述",
    "tag": "知识点",
    "author": "匿名"
}