{
    "title": "all函数的使用",
    "desc": "### 题目描述\n\n我们现在有一个学生成绩的列表，其中包含了每个学生的名字和成绩，如果没有参加考试则该科目成绩为空，请筛选出所有没有缺考的同学。\n\n### 输入描述\n\n输入第一行为学生的数量\n第二行为开始为学生的名字和成绩，中间用逗号隔开\n\n### 输出描述\n\n输出一个列表，为所有没有缺考的学生的姓名\n\n### 测试样例\n\n#### 样例1: 输入-输出\n\n```\n3\nxiaowang,78,89,45,26\nxiaogang,12,,45,78\nxluna,98,89,89,94\n```\n\n```\n['xiaowang', 'xluna']\n```\n\n",
    "templateCode": "",
    "sourceCode": "studentNum = int(input())\nres = []\nfor i in range(studentNum):\n    studentList = list(input().split(','))\n    if all(studentList):\n        res.append(studentList[0])\nprint(res)",
    "lang": "Python3",
    "testCases": [
        {
            "input": "3\nxiaowang,78,89,45,26\nxiaogang,12,,45,78\nxluna,98,89,89,94\n",
            "output": "['xiaowang', 'xluna']\n"
        },
        {
            "input": "2\nzhangqiang,60,76,98,96\nyini,78,25,,94\n",
            "output": "['zhangqiang']\n"
        },
        {
            "input": "4\nMLXG,15,78,56,48\nmage,78,45,65,47\nemmmm,45,,12,17\npaohui,47,58,45,",
            "output": "['MLXG', 'mage']\n"
        }
    ]
}